generation,type,sn,name,image
C1,競速,1,舒適C1,8d2f59912159737838de844295786607.PNG
C1,競速,2,尖峰C1,e7b1349b302911a61b156a1f67049513.PNG
C1,競速,3,爆裂C1,0e9346b95df4163293afaac459cf4886.PNG
C1,競速,4,合金C1,4d76f9ddfd7cbb85e17ef08adfca313e.PNG
C1,競速,5,馬拉松C1,a72a9f590cc813eeddf84989b9044c39.PNG
E2,競速,1,舒適E2,a1ffa9614e76989c20ab625c09d74013.PNG
E2,競速,2,尖峰E2,d4930658714279b2af7c690a6e4c8563.PNG
E2,競速,3,爆裂E2,93495857891ec149cf47d3105f3c145e.PNG
E2,競速,4,合金E2,4b41e58d52f09fc0e754aadca8b4073f.PNG
E2,競速,5,馬拉松E2,71254f5f3a1c46de61e5ee01fc07381e.PNG
E2,道具,1,章魚車E2,e5b6de40eab0340e483b95af3bd1254d.PNG
E2,道具,2,龜龜車E2,9636dbd454d0ef21011f3bf5e645be99.PNG
G3,競速,1,舒適G3,c72929380b9625103381d369726791e3.PNG
G3,競速,2,尖峰G3,7d547a0c29f8397af319eb53134b9bd4.PNG
G3,競速,3,爆裂G3,8da5e571ec89279b04257d5b35642c9d.PNG
G3,競速,4,合金G3,00f2ea2793069b49a0aa8b6f3db70479.PNG
G3,競速,5,馬拉松G3,5427e9bedca66bbb26cd2b00f99d995b.PNG
G3,競速,6,歐兜賣G3,b0651b1942b98df593e96b4f64295030.PNG
G3,競速,7,舒適-LE,af5eed5daf50107a3f6262f64573d0ee.JPG
G3,競速,8,經典勞迪,e03506b6ee4a5f0f7b2ea69ad7745fe5.PNG
G3,競速,9,福爾摩沙G3,3b9e3204f8cbe6ed347d8efe0d085e6b.JPG
G3,競速,10,MINI Cooper,90b5d3ff558dec3424afbe83aa3ec1d8.PNG
G3,道具,1,熊貓G3,a183ee8152d860a3572ca3ebe81a23e3.PNG
G3,道具,2,彩繪龍舟,d0ea78103daf71aca40e511e91efd220.JPG
R4,競速,1,舒適R4,ad44936c012be0a23e8981d2f098154b.JPG
R4,競速,2,舒適R4 SE,3ad9c524b5d95a77438096e2cb4970e2.PNG
R4,競速,3,爆裂R4,1a427b9a66d3c2d704f39482008a9b4a.JPG
R4,競速,4,馬拉松R4,8b74d02db17478da39f98556de56ec1f.JPG
R4,競速,5,尖峰R4,9b3daa441f291ea5e3014ef61110fa3f.JPG
R4,競速,6,疾風R4,93f9889cd3767392604e2a9beb167eab.PNG
R4,競速,7,雷霆R4,4c0ab9ce101b5f98cd033e2e23c1a7ec.PNG
R4,競速,8,校車R4,58cd7fd2240e0b5dd6894fa6ac647eb8.PNG
R4,競速,9,超級歐兜賣R4,f6c8bdc37001aca9edf16f49385d399f.PNG
R4,競速,10,魔幻歐兜賣R4,f8f2937a56552ea29912c610963a0d46.JPG
R4,競速,11,米格魯R4,76f11474596724f93977e5683d32f49a.JPG
R4,競速,12,勞迪之星,6f645c7dd1e654554bdda45f1e687aec.PNG
R4,競速,13,爆烈R4-Z,98db1156d4a4f85a0c0fbfedb152fbdc.PNG
R4,競速,14,合金 R4,51361e284c10f6c1a2096ffdf6e44660.PNG
R4,競速,15,馬拉松R4-X,ef730cf285816bbac28efae6d4690f12.PNG
R4,競速,16,合金-R4 LE,f42acaac85a717a1fdc30c1c24590590.PNG
R4,競速,17,MINI Cooper A式,b5eeafb1e0ee25aeb8b4b477e5201d6a.PNG
R4,競速,18,MINI Cooper B式,08450416f824e8fa3b16ba88fa1e6b29.JPG
R4,道具,1,天行者R4,7b08969aed5b4303004dee12530bd228.PNG
R4,道具,2,玉兔R4,ef4e7f8db9250bdeb1401800d4e131b0.JPG
R4,道具,3,馬桶車R4,bf42067d43944251af38f6e370b63ef8.PNG
R4,道具,4,觔斗雲R4,9eda2da0a9eb7128aaa29844453b0992.JPG
R4,道具,5,緞帶肥肥R4,a923162231ea734c5b461f7ac8812c07.JPG
R4,道具,6,瘋狂老爺車R4,e370da1e948d602c71be8fa5cc318bed.JPG
R4,道具,7,飛碟車R4,352b80adae84b45730c287a00fcc20c6.JPG
R4,道具,8,藍寶號7798,ff30d1889c5a00246717ae01a4385c2f.PNG
R4,道具,9,夜鷹R4,4ef2f71f944eb1513872c471a34ed452.PNG
R4,道具,10,夜鷹 A式,6c8a337b56dc8bd4804a899f76866cc3.PNG
R4,道具,11,愛神號,5195f9aebd6abd3f606232719943cd5b.JPG
R4,道具,12,黃金觔斗雲,04d5aefef899ac054a8c4b1866c6465d.PNG
R4,道具,13,馴鹿雪橇R4,84f7cf513d2720d0af03943679ce73fb.PNG
R4,道具,14,PEUGEOT 207CC,ebee7b86981de078090ea3367b5ff058.PNG
R4,道具,15,黃金肥肥R4,827ef508a754f08479a1d47bcce38b93.PNG
R4,道具,16,校車,753d894a2337b263b8e9203b0359869a.PNG
R4,道具,17,馬桶車,aa8bee417529368698ed66e042828bd2.PNG
R4,道具,18,老爺車,641737d76eed1170bee7525a3dd237bc.PNG
R4,道具,19,龜龜車,f6d99008ebbf578c3f68b01622705384.PNG
PRO,競速,1,迅雷RPO,6f17e3a4517cc1ba544ffbd21cc4e1ec.PNG
PRO,競速,2,速可達PRO,827d9e6de25e5f316f918d72c1d407f1.JPG
PRO,競速,3,等離子PT,0c806c5d2936033616799ff2718bd921.JPG
PRO,競速,4,等離子FT,4df9bb35d67d41a04a937b43a9d19117.JPG
PRO,競速,5,黑騎士PRO,22b0ec5481f1a264c08344f11794b33d.PNG
PRO,競速,6,魔怪PRO-Z,26707d169fd57795db26b0830331c202.PNG
PRO,競速,7,火鳳凰PRO,81c3e368bcef17c2ae95a1579d9308cc.PNG
PRO,競速,8,F5-R PRO,0f0090d4c9b8a080d52233fea615947b.PNG
PRO,競速,9,馬拉松PRO,d33ee69e9e98a4598ed5d4c365534cd6.JPG
PRO,競速,10,尖峰PRO,bd024f1e928cbd7d708814aa1647f6a9.PNG
PRO,競速,11,尖峰PRO-G,63e33b521a9f3d9ce221d9ae778a45d0.PNG
PRO,競速,12,舒適PRO,ac01c2317e0856a9e14b6832be82e4ed.PNG
PRO,競速,13,舒適PRO LE,13741d39e3f3893e8f13c3febf1ca5a5.PNG
PRO,競速,14,舒適PRO-X,58297f042b1208d9d5fde3b04050b94f.PNG
PRO,競速,15,獵鷹PRO,2db36839648591b8f7f7bb7704c67deb.PNG
PRO,競速,16,合金PRO,ba23f45dcd59655646e340f5af03ea05.JPG
PRO,競速,17,爆裂PRO,0f9a88d6d16ee62ecf3cf373e7f93d33.JPG
PRO,競速,18,爆裂PRO-Z,8aec9859b219329572e4e08ac0f05134.JPG
PRO,競速,19,雷霆PRO,f7f87f4b09f5e1e2cd2593d336ebce91.PNG
PRO,競速,20,雷霆PRO-S,6f43e3c199c00251a896b8f3356231b6.PNG
PRO,競速,21,疾風PRO,76a49565640dc01627cd0fc5ad53fb29.JPG
PRO,競速,22,馬拉松 PRO-X,385ab4e03f7ec14e3e5d2ac1535d8f76.PNG
PRO,競速,23,哈雷PRO,dbab383d9ebf257c9364dda61f3a6bef.PNG
PRO,競速,24,超級歐兜賣PRO,fc4e3d358e4ca2092908b2fc669890e1.PNG
PRO,競速,25,YAMAHA BW'S PRO,e125d9888e49a26869b76724b7f71641.PNG
PRO,競速,26,等離子PXT,bdd8300c6cd051635183fcdb3383eee2.PNG
PRO,競速,27,等離子FXT,ee06639fcf6d1a901e06f858352607e7.PNG
PRO,競速,28,六代原型車,b410071c19ee9742f0a3b58e33264ecc.PNG
PRO,競速,29,颶風 PRO,8cc8e352d2c6029160aab7b2cc58a018.PNG
PRO,競速,30,颶風-P PRO,d066d32c6a957ca391a499777332c524.PNG
PRO,競速,31,真愛PRO,9fde2616310a749a2603fe7bdd85840a.PNG
PRO,競速,32,校車PRO,cd899f7ae609430622733b21bf1d3c1b.PNG
PRO,競速,33,復仇者原型車,d19e9c0f60f386be32c53b1fa6e001ff.JPG
PRO,競速,34,雙宿雙飛情人歐都賣,2d23c0c88eef1b8d338bac41e50e03e9.PNG
PRO,競速,35,火焰歐兜賣PRO,0ce9c280432ee01c193ecdb8580b2383.PNG
PRO,競速,36,極速復古型,e54e804e44c72d148b48a9383d99044c.PNG
PRO,道具,1,萬能工程車SE,a9aca24207d61592262986ac27f4f8e4.PNG
PRO,道具,2,皇家貴族車PRO-SE,f8678baa0453c29befdedde8adb39dba.PNG
PRO,道具,3,古典敞篷車PRO,996901ce9775d2be2803cfa45576fac5.PNG
PRO,道具,4,機器人熊貓 PRO,ded1cb2e76302fe8a2937dc6ef6b4548.PNG
PRO,道具,5,龍王丸PRO,212fa86d078087e84e4e25848cf840ec.PNG
PRO,道具,6,巨星魔幻鞋PRO,2ce60288c4a5fcd8ee02a4c038e54115.PNG
PRO,道具,7,逆轉PRO,098ffd37897a49205462d5d008cc49df.JPG
PRO,道具,8,FROG-4WDS,f9b8f95bc03a069bd374e11af3b9b4fc.JPG
PRO,道具,9,皇家貴族車PRO,8d8327d8ae2e77eec609773482cbfc5a.JPG
PRO,道具,10,捍衛者PRO,197df13719c7c9f4fb3f7b159d057256.PNG
PRO,道具,11,黃金捍衛者PRO,b0fd9f92439b47dab133f8db962480df.PNG
PRO,道具,12,黃金肥肥PRO,f2d0c9246afe2c34befbe77ab8680cca.PNG
PRO,道具,13,悍馬武裝車PRO,b1d1aa8272b8aeb21419704a85a42e83.PNG
PRO,道具,14,熊貓PRO,4291ec4f6e3fbe2a451f9a74fd416f2f.PNG
PRO,道具,15,萬能工程車PRO,719e20e0259d02acbba01f6981580b2d.PNG
PRO,道具,16,龍舟PRO,199e9f6fd22cfca74892b3e3c083a16c.PNG
PRO,道具,17,章魚車PRO,0b106eed3fae23cb92938000aafc4c11.PNG
PRO,道具,18,獅王PRO,89dffa7cec52490ab9d3e17caee964e1.PNG
PRO,道具,19,馴鹿雪橇PRO,6cad2f106e155507096bb584dcb24540.PNG
PRO,道具,20,囡囡專車PRO,8e359fb45c0d905695031495bfdf72ff.PNG
PRO,道具,21,米格魯PRO,6a81588a1d60a8f4f055267db2a602ff.PNG
PRO,道具,22,巨星魔鞋PRO,65e452930fac2406a5889fe225aeb754.PNG
PRO,道具,23,貓頭鷹PRO,a96eb575d76ecc48338ed315a0471fb1.PNG
PRO,道具,24,萬聖南瓜PRO,181c5dec9d0c7122679230eb928cc4d3.PNG
PRO,道具,25,波斯菊PRO,1515e70fe91831f91cde4a0d2ef72df2.PNG
PRO,道具,26,百合花PRO,e32fbe147cfc7dd814e32c83a1120ed7.PNG
PRO,道具,27,鬱金香PRO,672354da6a5740a90bf3d50746b0ad64.PNG
PRO,道具,28,向日葵PRO,667f7ccf72c4b4bfa77bad7d57633920.PNG
PRO,道具,29,瑪格麗特花PRO,cd48349f9739f2bbb213d355e2877a81.PNG
PRO,道具,30,玫瑰花PRO,47933edbd608ee4ca2a29c52012ca809.PNG
SR,競速,1,舒適SR,404d0b0a56f8ac7ccf200e806a19ccc7.PNG
SR,競速,2,舒適SR Type-W,18f35a7c.jpg
SR,競速,3,舒適SR Type-S,2b8c14f5.jpg
SR,競速,4,舒適SR Type-E,316e5529.jpg
SR,競速,5,舒適SRX-9,c9062070.jpg
SR,競速,6,爆裂SR,22f20ed4.jpg
SR,競速,7,爆裂SR Type-W,dcf71fe2.jpg
SR,競速,8,尖峰SR,e2ec8437713020f9c50966c2d5c2b3e5.PNG
SR,競速,9,尖峰SR-光,519fbf5bbcf665d308b03447b483ea0c.PNG
SR,競速,10,黃金尖峰SR,32020c7d.jpg
SR,競速,11,合金SR,9678d9c8.jpg
SR,競速,12,福爾摩沙SR,471fdaa1.jpg
SR,競速,13,等離子SR,b88723d0eacae518b8664967bc9be7b4.PNG
SR,競速,14,等離子SR-T,f79734d9891c3aefad34d06cd601c4a9.PNG
SR,競速,15,馬拉松SR,10c0399e9bd5caea1d2a74d480558245.PNG
SR,競速,16,馬拉松SRX-9,b9f41606.jpg
SR,競速,17,聖騎士SR,178c5240574e087f27b38b89c99acd89.PNG
SR,競速,18,銀天使SR-SE,72a4692ad387cd2ee41b896367f60e3f.PNG
SR,競速,19,勞迪P640 SR,4f52bbe03245db88032eab9f7223e106.PNG
SR,競速,20,皇家超跑SR,717cbc818bc46025b267f67df2abc6e7.PNG
SR,競速,21,颶風SR,e9d6ca808dcb8d9e3ed487e359633b33.PNG
SR,競速,22,颶風SR-LE,52ddc5d846967ec290436964b0e6e9df.PNG
SR,競速,23,刀鋒SR,422fb7b3.png
SR,競速,24,刀鋒SR-LE,2a8b97a03bb28324d089e451109e381d.PNG
SR,競速,25,雷獸SR,b8cd3ecd.jpg
SR,競速,26,黑蝙蝠SR,84862cee.png
SR,競速,27,風暴SR,f3817b9b.png
SR,競速,28,風暴SR-X,06a610a8.jpg
SR,競速,29,疾風SR,37fc105486c562a6c685fece97fae8b3.PNG
SR,競速,30,巴爾札特SR,db61cd5a.jpg
SR,競速,31,闇精靈SR,c80ebb25.jpg
SR,競速,32,黑帝斯SR,2984a9e5.png
SR,競速,33,F724-Z,17edadf7.png
SR,競速,34,F724-LE,e8e0b678e21f95e2863c510d5e92c5a6.PNG
SR,競速,35,原型車SR,5be028d3.jpg
SR,競速,36,復仇者SR-G,5f6ee525.jpg
SR,競速,37,海龍SR,1de249ed.png
SR,競速,38,迅雷SR-SE,10aba822.png
SR,競速,39,獵鷹SR,ba40ac42.jpg
SR,競速,40,獵鷹SR-SE,644e048f.jpg
SR,競速,41,戰神SR,5b89ca2e.jpg
SR,競速,42,烈焰戰神SR,ace5f639.jpg
SR,競速,43,終結者SR,49923587.jpg
SR,競速,44,砰砰將SR,40f81017.jpg
SR,競速,45,哈雷SR,3243bc05.png
SR,競速,46,哈雷SR-LE,8a588fcf.png
SR,競速,47,甜蜜100 SR,be095b3a.png
SR,競速,48,風刃SR,073cd4b385cda114c69ce1dcba27a13b.PNG
SR,競速,49,風刃SR-疾,327b15e6.png
SR,競速,50, 名牌速克達,9ceed992474bc96de6180c024d60fcd4.PNG
SR,競速,51,等離子EXT,1ef8c85fb41a959554a3955dc8a1d741.PNG
SR,競速,52,等離子EXT Type-W,qSNRV.jpg
SR,競速,53,黃金等離子EXT,0c002334a7def9061f9619b33abc1160.PNG
SR,競速,54,等離子EXV,0ebda23f4370ced9a7631f05d6a967a5.PNG
SR,競速,55,黃金等離子EXV,578163976635a0746422eefa813bf8b3.PNG
SR,競速,56,純愛天使歐都賣SR,f54855783ed54ef168749d5a42b3de56.PNG
SR,競速,57,尖5,b13a745c6fa5dfb7be23c978dfc4a43e.PNG
SR,競速,58,遊俠SR,6f75426a3c2b92cb72f7477fa0195711.PNG
SR,道具,1,金焰捍衛者SR,12c249b2.jpg
SR,道具,2,黃金捍衛者SR,4d3b0c1b.jpg
SR,道具,3,黃金肥肥SR,d8211636.jpg
SR,道具,4,福氣肥肥SR,f710f003.png
SR,道具,5,紅眼貓SR,f6cd2ba9ec8d926bbb164e9d22b1bd2f.PNG
SR,道具,6,鬼蛛SR,85971655460c9f57d05ecbfa324b1581.PNG
SR,道具,7,軍用吉普車,c3446bf882ae8b217430ee5d5590eb50.PNG
SR,道具,8,特勤機動車,2b196d7e.jpg
SR,道具,9,復古超跑SR,1e82d456.jpg
SR,道具,10,雪怪SR,fcb074a4.png
SR,道具,11,玉兔SR,de4cbaf6.jpg
SR,道具,12,黃金玉兔SR,7ff0bbf3.png
SR,道具,13,好神烏鴉SR,RVjqm.jpg
SR,道具,14,幸福喜鵲SR,96fc2ed93901988603088e67c9b45c45.PNG
SR,道具,15,重裝工程車SR,09ec4d861f8e659c0cea8678d6452797.PNG
SR,道具,16,黃金太陽神SR,34726e99.png
SR,道具,17,夜鷹SR,40fc219e.jpg
SR,道具,18,夜鷹SR-W,d6028f2c755336bc477c0478ed2ddaf6.PNG
SR,道具,19,紫雷SR,1dc97aec.png
SR,道具,20,衝鋒鴨SR,8d36bd2c.jpg
SR,道具,21,反轉SR,c4f9330e41a6a05c1c65f4a96ad3a283.PNG
SR,道具,22,魔法旋風SR,72a8ad99.jpg
SR,道具,23,魔法旋風SR-XE,e10907665058670c825d9726da4cffeb.PNG
SR,道具,24,酷酷馬SR,74c3c15e.png
SR,道具,25,寶貝蛋SR,75e76fa0.png
SR,道具,26,絕影SR,05a35e1f.png
SR,道具,27,加農砲SR,15880eee.jpg
SR,道具,28,超級章魚車SR,1aa07b67.jpg
SR,道具,29,校車SR,aa08255c.png
SR,道具,30,藍寶鋼鐵人SR,658f61befa333cf3e92c679ab27dbb8c.PNG
SR,道具,31,蓋亞SR,8fceec7c.png
SR,道具,32,龍王丸SR,cb85b359.jpg
SR,道具,33,黃金龍王丸SR,12d0befc31aa192d58c1abfc48fd8d62.PNG
SR,道具,34,魔法飛車SR,818dd88710da48b7165acf17c997abeb.PNG
SR,道具,35,巨星魔鞋SR,e9ae3392a4b86127b50d98d75b3d3605.PNG
SR,道具,36,大魔王SR,8add4710.jpg
SR,道具,37,冰刃SR,1f5d8db5.png
SR,道具,38,大黃蜂SR,ada7887f.jpg
SR,道具,39,郵輪SR,8b9f13cb.jpg
SR,道具,40,冰刃SR SE,f98f56961c3e6950ecf84ec9864caac3.PNG
SR,道具,41,極光SR,350cb829.png
SR,道具,42,馴鹿雪橇SR,c83bbd38.jpg
SR,道具,43,幽冥南瓜SR,30b45432.jpg
SR,道具,44,甜心情人SR,b5c2363c16049dc225be7448e9fbb2ee.PNG
SR,道具,45,栗子初始號SR,6bf1d919fec28f5e4596d5880e76c6c3.PNG
SR,道具,46,阿肥初始號SR,82584280efce781135429ecc55b1858b.PNG
SR,道具,47,奇奇初始號SR,a0909b7b2bcfeadfdf8497227d2a1485.PNG
SR,道具,48,痞子妹初始號SR,2b9cb1cf204f5fd4e5b2c2ac80a985b7.PNG
SR,道具,49,囡囡初始號SR,dc29aa917670e73d95647bb87317f643.PNG
SR,道具,50,工頭初始號SR,195806f4df3ebff6691a4d17066fa668.PNG
SR,道具,51,小蜜桃初始號SR,24e53bfa5eb8d04cc47a7381cbd7842d.PNG
SR,道具,52,睏寶初始號SR,011212dacbba5828c7099542c3e41b9c.PNG
SR,道具,53,藍寶初始號SR,c9164c4d612417042632d8db7337dba3.PNG
SR,道具,54,黑鯊魚SR,705a87615f3e05eeb3e9b457faa45057.PNG
SR,道具,55,黑鯊魚SR-LE,7f80b0b5d7380675d9e13aa45b6aa999.PNG
SR,道具,56,黑蝙蝠SR-概念車,7abee50d.png
SR,道具,57,睏寶鋼鐵人,b875c48a3d90eb1f98eb69e02188c9f0.PNG
Z7,競速,1,舒適Z7,3543d67396a1bc0e6dbe5d77edc5a47a.PNG
Z7,競速,2,舒適Z7-E,f51eaddd23294c10ba892806c29788ca_thumb.jpg
Z7,競速,3,舒適Z7-XE,a006b9d93f0ba788f3a69744023fc7f6.PNG
Z7,競速,4,黃金舒適Z7,d74af827398b7f7a080b519f273d738e.PNG
Z7,競速,5,合金Z7,d635fb88521c0e74312e40b6e3db2f91.PNG
Z7,競速,6,合金Z7-K,bc850a7bad071759d3c4ea81c1be5c25.PNG
Z7,競速,7,合金Z7-N,2782234b770a54328de540c2a0263881.PNG
Z7,競速,8,魔怪Z7,b5e1b8d296ddd5086f5b405b95f43b5b.PNG
Z7,競速,9,魔怪Z7-W,e4fa1a34af9ff11cf0449dc889fcc8f4.PNG
Z7,競速,10,魔怪Z7-XE,fe6061127d637d9f2537ea427c1c507b.PNG
Z7,競速,11,馬拉松Z7,ea0f52dd5a509383ef6ecedf47225dc4.PNG
Z7,競速,12,馬拉松Z7 LE,d3ddf7a5a9d720c430b5bde2872a87fa.PNG
Z7,競速,13,爆裂Z7,96fc6e5a37d6f611a4dd31b1eadd28ca.PNG
Z7,競速,14,福爾摩沙Z7,b4c7931a3caf312d6cbb17f9359ff6b8.PNG
Z7,競速,15,銳翼Z7,b3a2d76223dff33f8d8b9cfdbf81c81a.PNG
Z7,競速,16,銳翼GT Z7,0f3eda6954ed95d0ec8351b278332459.PNG
Z7,競速,17,銀天使Z7,1aee0b7e0f124ef594e65160f2f1edae_thumb.png
Z7,競速,18,雷獸Z7,6ed1f7b5b436663d39c03a629fa57ad3.PNG
Z7,競速,19,幻獸Z7,629d2467188a2c0cf3b44df214eb35d6.PNG
Z7,競速,20,X-V2 Z7,e37c222c1ba5487792149c485a7e2474_thumb.png
Z7,競速,21,TAIWAN Z7,6eeb4d679fa5521600592a77620f2776.PNG
Z7,競速,22,龍刃Z7,b4efc50be225e733ff3013f972454271.PNG
Z7,競速,23,雷艦Z7,748cdca49df49ae32ec919a21820e937.PNG
Z7,競速,24,黃金雷艦Z7,4435a7a9adad9d4118362eda1090c8c6.PNG
Z7,競速,25,帝王勞迪Z7,1ebcd6d983bdcd128ea95d52e2c1a273.PNG
Z7,競速,26,帝王勞迪Z7-W,4adda7b36e42de70d31236dc31558338.JPG
Z7,競速,27,風暴Z7,b4670995bc0c3b2a7c75585afcbad6d8.PNG
Z7,競速,28,風暴Z7-N,74cb0523a52305156f9c39e340136902.PNG
Z7,競速,29,風暴Z7 GT,dc264294ec7e776743fafeabe950f7cf.PNG
Z7,競速,30,夜爵Z7,1e5cade8f977a1d104b07f8ad0718d1f.PNG
Z7,競速,31,胖達Z7-SE,c245b681777d109dd64c0a9079e4b91c.PNG
Z7,競速,32,XENO Z7,2507bc1f8df26ba7992b02b9ed18db0a.PNG
Z7,競速,33,黃金暴刃Z7,aab14a9b723370538e1677a7ed7c3cf8.PNG
Z7,競速,34,風刃Z7,6211c36dc3deecb37d1bd2a863800945.PNG
Z7,競速,35,超迷你滑板車,c911a15d6ba16025bdbfb380d6ef4d71.PNG
Z7,競速,36,戰慄Z7,d5df16414a21d5240a38c80203c5b931.PNG
Z7,競速,37,原型車Z7,a99334e7f631c5997c188735bf5e23c1.PNG
Z7,競速,38,刀鋒Z7,e3d02acb3069fae0b38d432e01295333.PNG
Z7,競速,39,迷你噗噗滑板車,eb82d6002eef1d9460b3e66cd682f27d.PNG
Z7,競速,40,赤兔馬Z7,6287287144e76d93b45eed09506df9b5.PNG
Z7,競速,41,粉色俏皮Z7,2959264cdd535f903b955cc8e9dbf8ae.PNG
Z7,競速,42,破舊的梟皇Z7,8280cb80a06d06e9290a4bfaa4a08745.PNG
Z7,競速,43,梟皇Z7,c371faa664a1d5439b9ae4308ab89743.PNG
Z7,競速,44,戰慄Z7 SE,d8c0a67b0710251f14de03489a34b01c.PNG
Z7,競速,45,尖峰Z7,3536a37192772df37e6c35b5077b4b85.PNG
Z7,競速,46,星耀Z7,ef19b78e5a7a074ee0fa376b74e8762c.PNG
Z7,競速,47,聖騎士Z7,9b29aeae919adbd9aa24db1dd3435318.PNG
Z7,競速,48,炫光Z7,99b5178239b34d196c3d967c6b25b165.PNG
Z7,競速,49,迅雷Z7,cd944594e25ef8c679b5480376dd3687.PNG
Z7,競速,50,魔光騎士Z7,76c5f2c0155a5ecef7b77fcb39c6b9e5.PNG
Z7,競速,51,疾風Z7,3b2ccb0d8f21acf93c09426c0dc91e1f.PNG
Z7,競速,52,疾風Z7-W,653e6bd246d3de792d289ab55e13161e.PNG
Z7,競速,53,尖峰Z7-GT,578382f5f0a3b277874a08e918ea1a70.PNG
Z7,競速,54,敞篷金龜車Z7,247a73f8a932cfdea0c970bb7a1beb0b.PNG
Z7,競速,55,終結者Z7,dfba3cb5dafa972e84419c648ff84596.PNG
Z7,競速,56,F724 Z7,6e28db09c78c838c99d4242946fb3e37.PNG
Z7,競速,57,龍王丸Z7,1f7f2268a75e5dab1ceb9e0b0edfa4ac.PNG
Z7,競速,58,TAIWAN Z7+,fb8d19816311ed214ba0aaf7a28cadd0.PNG
Z7,競速,59,TAIWAN Z7+(橘子熊),8e1ab0b2856b87d255f876f38f97b5f8.PNG
Z7,競速,60,TAIWAN Z7+(台北鷹),02d2c6ae9bc2477f85da612ffb4734a1.PNG
Z7,競速,61,TAIWAN Z7+(Yoe),fe5fbc210157330b5063c7f113dd1174.PNG
Z7,競速,62,TAIWAN Z7+(Spider),34d5b21263491e800234c86cec31b5d0.PNG
Z7,競速,63,犽霸Z7+,a20d98f33cf7846d2b562aeed195c943.PNG
Z7,競速,64,史提爾Z7+,950cefacbe34b8eb2834f4dc93d88c97.PNG
Z7,競速,65,夜爵Z7+ BE,a8ed30170ffae7c61699f1acc6a510fb.PNG
Z7,競速,66,黃金魔怪Z7+,bee357b89e90d601f588a90cbf397fef.PNG
Z7,競速,67,遊俠Z7+,4307f2e0fb2556600f2515d21396721b.PNG
Z7,競速,68,3700GT Z7+,53f99e461f43cd09fca1c90c60c2982e.PNG
Z7,競速,69,甜心帳篷車Z7+,363ab5d693d3d8775b3e71be42abc71c.PNG
Z7,競速,70,雷霆Z7+,6773f0985e010b335a720006737c83d7.PNG
Z7,競速,71,颶風Z7+,722eb55d1f268df76fa567bb5f308a87.PNG
Z7,競速,72,遊俠Z7+ XE,af5084e77e44daf3d8f2213b98a1eccd.PNG
Z7,競速,73,等離子Z7+,a70c5dc8de6e0ef95600a77b0c48c64a.PNG
Z7,競速,74,巴爾札特Z7+,33aae3bc0714396b180f2540d7b19c67.PNG
Z7,競速,75,尖峰Z7+ XE,3df906b1178e37d06e5402bd83e80839.PNG
Z7,道具,1,海盜船Z7-S,2642a1f96408101c2cd81dc30bbbd829.PNG
Z7,道具,2,海盜船Z7-A,fe9611dfbfb0d6dad15e72a34dc7800b.PNG
Z7,道具,3,海盜船Z7-B,e6e84fdc3f275d16451ee9474851fa80.PNG
Z7,道具,4,鴛鴦K Z7,d6ef1d141e83e1a5a8d100dccb2fc034.PNG
Z7,道具,5,鴛鴦Q Z7,4c459b21c31badc1d12c6b55b4787b4f.PNG
Z7,道具,6,飛行兔Z7,d8a255859b4c4eb6cd3a127605a737a6.PNG
Z7,道具,7,小海豚Z7,1676b280cf7b8b13d8457446996f371a.PNG
Z7,道具,8,夜鷹Z7,dd6f99fc64ee9e9dedf9b55f1ec4a4ed.PNG
Z7,道具,9,夜鷹Z7 GT,3efbf2eb5b25d36aaf9272bc9a6ed716.PNG
Z7,道具,10,小黑爵Z7,81c64e1f14cb37b575dab392e17d8d61.PNG
Z7,道具,11,暴走南瓜車Z7,be4a96a72df1edf6c40e13de444337d5.PNG
Z7,道具,12,怒焰Z7,eff7f588cd6fc646d0b2ac6e36b7b8c1.PNG
Z7,道具,13,馬桶車Z7,0daf116fcbf3375cd66e32d00b195a40.PNG
Z7,道具,14,雪橇Z7,8ef163a8c292004f135be5fb913573bd.JPG
Z7,道具,15,戲水魯米Z7,0b09d6b06efa84d524333b535a5931ea.PNG
Z7,道具,16,貴族鴨Z7,15c5cb574ca93a8fb1517847f41cd147.PNG
Z7,道具,17,愛之羽Z7,96ae5ffdc9a4d799c6cce46c42b5c043.PNG
Z7,道具,18,飛天肥肥Z7,c727860dc197e93b68a5f4d839586702.PNG
Z7,道具,19,黃金肥肥Z7,51b94412274c0632390276025ed3b3d1.PNG
Z7,道具,20,轟炸雞Z7,a381b8b423063f48c763d610b68bf5da.PNG
Z7,道具,21,黑金轟炸雞Z7,ccb434835e0cbb0256b78e15e64c1c02.PNG
Z7,道具,22,鋼鐵鉗Z7,d011859b59904fb9904eb72e356fa467.PNG
Z7,道具,23,胖達Z7 IE,22f4fc93332164515054a4b171af9fc2.PNG
Z7,道具,24,藍天心情Z7,06a443fc3ae6db42d9f902b671a6892c.PNG
Z7,道具,25,巨星魔鞋Z7,abe94a2556d735f2f17312acbf2a30de.PNG
Z7,道具,26,閃耀Z7,4dfcbbc56a169c64563ae9a3c4ceb271.PNG
Z7,道具,27,滑雪風暴Z7,c4c280b49732284ad974f52e1202206f.PNG
Z7,道具,28,巨星幻鞋Z7,39c7a314e240c0826af0a1973c3124fd.PNG
Z7,道具,29,消防車Z7,884458473fcac6365101ce6d25acdb8e.PNG
Z7,道具,30,鯊翼戰機Z7,19a9a0fb3e423c46c4d4da2983aca975.PNG
Z7,道具,31,金剛猩猩Z7,1b958dbd51f5022ade53ee9b27fb1680.PNG
Z7,道具,32,黃金海盜船Z7+,af1f62fbba33b0052e1f8b625904d62e.PNG
Z7,道具,33,黃金太陽神Z7+,973678f99fd084f854d3898d2c32e29b.PNG
Z7,道具,34,逆轉Z7+,0dfc96c5c3d77907d7c3e2dec4ec2fbb.PNG
Z7,道具,35,暴走南瓜車Z7+,38676e3f242ca45e578cd69321a804ed.PNG
Z7,道具,36,電波Z7+ LE,8c2b78f6f6cc2c728a6e6d359166af86.PNG
Z7,道具,37,阿波羅Z7+,0491b6cefa952289d573f69cdcb77dea.PNG
Z7,道具,38,馴鹿雪橇Z7+,4e9c6ded9cd951b7e6c6e386abdf0cc3.PNG
Z7,道具,39,電波Z7+,46b2045528168a3541346154837b5d54.PNG
HT,競速,1,原型車2013,59b29b5ea84388b752543fd701c24665.PNG
HT,競速,2,暴風渦輪HT Black,bcab8512d1a738198434b9304707426c.PNG
HT,競速,3,暴風渦輪 HT,861915fcc671c315ff71b500aa5d707e.PNG
HT,競速,4,黑煞 HT,9841a3658f4239080a611af01621348a.PNG
HT,競速,5,舒適 HT,4decbd888e65aaae60f8eede7bfca478.PNG
HT,競速,6,舒適HT LE,aac59485f9b8bd17c1cae03788be0974.PNG
HT,競速,7,黃金舒適 HT,28f564598de9cb7eb80b832a72c47849.PNG
HT,競速,8,甜心敞篷車 HT,d4884fd052d92a3e4587fa442b938b9d.PNG
HT,競速,9,勇者凱薩 HT,5bc1c89f5b0d73ec234182fd67d9de5c.PNG
HT,競速,10,雷蛇 HT,342ba5def79e56a1b345c810e2957c12.PNG
HT,競速,11,愛心雷蛇 HT,42c9145b840628ede00bacd884c750f4.PNG
HT,競速,12,酷龍 HT,4ceb2e8e7bee3ded9aac478b089bdccb.PNG
HT,競速,13,國王新衣 HT,bc99e888e917ea2330699b6807a97e18.PNG
HT,競速,14,凱隆 HT,0541bbb7f59ddea6d72b2ba2e3d3c0ff.PNG
HT,競速,15,閃電戰 HT,3a5c78281811b9cff6b46f03644c328b.PNG
HT,競速,16,鋼鐵 HT,d036bb4782dec999838f06827450c33d.PNG
HT,競速,17,迅雷 HT,cf583b040615b04faa8f4228c0ad8dc9.PNG
HT,競速,18,風暴HT,34d3dc56a346e59ab62b0f8784a47551.PNG
HT,競速,19,爆裂 HT,3c9e3fd5bcfd25d2dfce84870f7c6d8e.PNG
HT,競速,20,刀鋒 HT,4896510c152c0482cbe35c10d5fda7ec.PNG
HT,競速,21,獅吼HT,b5c10d4cb3146e1a41a9f423ff087730.PNG
HT,競速,22,進攻的獅吼HT,0b1d8a78e4dd905caa6ebbdd2daefadc.PNG
HT,競速,23,傳說的獅吼HT,1ce88b1b65e8a4a4a4e4b00528743f13.PNG
HT,競速,24,神話的獅吼HT,e491800d43023c3c24a0fe5c90ceddf7.PNG
HT,競速,25,馬拉松HT,551eb9e28dc7857974522de42f312016.PNG
HT,競速,26,甜甜敞篷車HT,2a1975f3409a484ca11c116073093bac.PNG
HT,競速,27,戰慄 HT,6201f1c9786f239ebd872bc4213c6c23.PNG
HT,競速,28,黃金暴刃HT,bf2edc0de9f4e310f1a32925d109067c.PNG
HT,競速,29,250GT HT,1bea8b242567fc8de90220d2badda1f4.PNG
HT,競速,30,250GT-B,09a60c9baae57095c4825db3d0a11d48.PNG
HT,競速,31,250GT-S,d89bd99bedfe5f5ef5aacced95f92935.PNG
HT,競速,32,250GT-B 海藍,8713e4f8ce931a69fe938642d1c8bb5d.PNG
HT,競速,33,250 Classic跑車,479ff046cc76b8b424fffc836552912a.PNG
HT,競速,34,飛鷹 HT,335cadbbbf8c332a6adc053363d52327.PNG
HT,競速,35,尖峰 HT,a23c2e4f94fe445f09d981a881d7a08a.PNG
HT,競速,36,浪味仙HT,e9315428789503f8bc28404ef64a8a59.PNG
HT,競速,37,黑魅HT,86197c37bde1d47de16a0a1d1b101907.PNG
HT,競速,38,舒適 HT-S,48f6956867e07bf36c96de153259eb25.PNG
HT,競速,39,合金HT-S,c6e7618b3219f5889852e6cfda426edd.PNG
HT,競速,40,爆裂 HT-S,5d38736b9f2ad9f051d16fd0b1706148.PNG
HT,競速,41,馬拉松HT-S,d2ea346dd9ae36ea7390b2756ddd1603.PNG
HT,競速,42,尖峰 HT LE,78b3a0da713683beb1fc1641fe6ef3c0.PNG
HT,競速,43,勞迪霸主,af4a0b27eb77ba7d0bcfab25a5d2256f.PNG
HT,競速,44,血魂暴刃HT,cf76d9d45922cafd8a67337d39a171c2.PNG
HT,競速,45,哈雷HT Black,c3a8be82ca33c3c389faa8b4f415b432.PNG
HT,競速,46,合金HT,d4346e9634c2a3e53309f922d003f43d.PNG
HT,競速,47,哈雷HT WHITE,31fd7f674c1fe77e04b0257e13b566be.PNG
HT,競速,48,閃電戰HT LE,eea5d598ad04e6cbb0af4fd309797258.PNG
HT,競速,49,遊俠HT,58f6860c8c4c6f09acbc665ff165c743.PNG
HT,競速,50,暴刃HT,e3fb7c56a94f14bc1f5db5023eacca4f.PNG
HT,競速,51,黃金尖峰HT LE,d1af4d350900e5e6146980bb998db5d4.PNG
HT,競速,52,TAIWAN HT,20e8bf18fc4111f5ed4c3f87c98965e8.PNG
HT,競速,53,遊俠HT LE,f3aeff6a2b080871f4583d0e384f3ac3.PNG
HT,競速,54,升棺發財HT,935ed4fb3ba01336bcf082da3526e702.PNG
HT,競速,55,雷霆HT,8f25cd0ac57a59adb282ae5c5a7499c7.PNG
HT,競速,56,雷霆HT-B,dbc24b8ac881171c4fa40333b8eb5586.PNG
HT,競速,57,雷霆HT-S,3da85f7f8ab3f2babf3c0a9719df68c2.PNG
HT,競速,58,藍莓棒棒糖HT,5092fd436d9a220a10e0917bef78fc10.PNG
HT,競速,59,雷艦HT,6ed16a79a3ef19cf76b13882f488ec5e.PNG
HT,競速,60,史提爾HT,25e502f195c01e4eb2f1eea634f910a2.PNG
HT,競速,61,獵鷹HT,58355f29da7c5fe53ee646c221ff4eee.PNG
HT,競速,62,迷你摩托車HT,8b12fe6370f792eda0a522f519bfd129.PNG
HT,競速,63,雷霆HT-H,462635d939600e9f79c274a9b0821dff.PNG
HT,競速,64,等離子HTF,a71c259b252845bc18846f2e19bef738.PNG
HT,競速,65,TAIWAN HT LE,48e59faafabf8e4c8e82ec7776618215.PNG
HT,競速,66,黃金風暴HT,360873e4e895b318e7d6176fcf84e7f8.PNG
HT,競速,67,尖峰 HTXE,6db8cfc9d335ee86813d34bc5660350e.PNG
HT,競速,68,等離子HTP,7ad9bbf3366f41672704b15015e7644b.PNG
HT,競速,69,勞迪雷諾,1f9685e43f909f4f4ebd22e05a03c7f6.PNG
HT,競速,70,獵犬HT,90c2bc7f006ecb0a8bf76bd5fa4729eb.PNG
HT,競速,71,等離子HTEV,67bf22cb13bdb7a960cc3f052c60dfc6.PNG
HT,競速,72,黑騎士HT,bb8b3cb346ab72176d1d9e576ea1e791.PNG
HT,競速,73,風刃 HT,adb3d6f58b6e4f1b88e700fcf5d4a740.PNG
HT,競速,74,極速黑騎士HT,a62b0c5d0814c5c2af39bd4a9f41acd7.PNG
HT,競速,75,飆風鋼琴HT white,e8151f0c523028fcd9bbbf15e6cc0a46.PNG
HT,競速,76,夜鷹HT LE,1ce9f249c075bcc21620b3387765f55f.PNG
HT,競速,77,暴走黑騎士HT,45c3b639497f88e43d4f2e72cf1166ff.PNG
HT,競速,78,鬼神HT,d028d87eed238d0dff61a62c837a453e.PNG
HT,競速,79,雷霆 HT LE,ed6d79c324c73acfb995ef7e61133c36.PNG
HT,競速,80,舒適HT+,b2f43bc73abd1144da58869cb0f694fd.PNG
HT,競速,81,舒適HT+ B,de462f14a8f6ee50d25e43878e84cabc.PNG
HT,競速,82,舒適HT+ S,f3dbe626bff3a3d37c9448d01736d85c.PNG
HT,競速,83,金色豪華勞迪,435d29b73be7e233cc93a9df568c62c0.PNG
HT,競速,84,舒適 HT+ Blue,d29b18a61147b815659026b65525bdab.PNG
HT,競速,85,甜心敞篷車 HT+,7656d877228cb55f91839ae70d37ce5d.PNG
HT,競速,86,舒適 HT+ Black,741265286c8d8cdd4fd769200f420efc.PNG
HT,競速,87,風暴 HT+,c9f3719dc2814c8f107868ae1cabc1f7.PNG
HT,競速,88,黃金舒適 HT+,93faa5ec1fda70ea424411f5aefbb827.PNG
HT,競速,89,黃金豪華勞迪,07ee47a6d260d21f58940e9f0b4e4aab.PNG
HT,競速,90,合金 HT+,7c1d28fc4a5b0660e60ab2c997c4603f.PNG
HT,競速,91,雷艦HT+,724b4f28e694e6704c0f25dff619a3be.PNG
HT,競速,92,邪惡熊寶寶 HT+,b11db32873aac797015d94d45779d4bd.PNG
HT,競速,93,極速熊貓HT+,b51da3cd44f3fc9e23340b3d6be8d18b.PNG
HT,競速,94,暴走熊貓HT+,a1ae52f2cb15290a8459d74e8b9bf630.PNG
HT,競速,95,帝王熊貓HT+,132b3e067a7b118eab8489a65ef129b3.PNG
HT,競速,96,犽霸HT+,06243f4ec0c19ed38a5d97d02f750330.PNG
HT,競速,97,犽霸HT+ dragon,f6d4a3d63bdf5d0ff28ec681b797be26.PNG
HT,競速,98,鬼神HT+ LE,038b530f3e1a0f679d9c6f76378b65ea.PNG
HT,競速,99,爆烈 HT+,84010d550079b758677168c9b970ae4e.PNG
HT,競速,100,犽霸HT+ S,af1ed5e0302e3e0c19b10711d2caaa11.PNG
HT,競速,101,犽霸HT+ B,d747ec58407c515fdcff7075c961de65.PNG
HT,競速,102,爆烈 HT+ White,7b7a5b8fde1e6a98b339195f0a706331.PNG
HT,競速,103,犽霸 HT+ C,b63e9cc4f729077de3e5a28060912b46.PNG
HT,競速,104,毒蠍 HT+,da9fe4c3604cea492a17d61ce81ce01c.PNG
HT,競速,105,馬拉松HT+,35813eaeda7b0ada36941959e9ea3837.PNG
HT,競速,106,帝王蟹HT+,acb088f05dee03a8b68b7da2251d3b3a.PNG
HT,競速,107,馬拉松 HT+ Black H,408f24639a383da4aecd1cb178ca190a.PNG
HT,競速,108,馬拉松 HT+ White C,35f43cbbada1040798b814aeb1d9b293.PNG
HT,競速,109,風刃 HT+,355ae6dc339ad9498cc26b9fdfff8f20.PNG
HT,競速,110,炎紋鱷HT+,1698bf1dbd0e9d27d3dbd7c35be165d6.PNG
HT,競速,111,魔怪HT-W,ea5fb5322205c8c2a7fff5ed79698da0.PNG
HT,競速,112,超跑HT+,502353c3382bafa1b7b61957b067e73c.PNG
HT,競速,113,柯博文,e536e33a1ed3d575ccc25f9b88cf07ca.PNG
HT,競速,114,格威龍,5f48531529567da77a029d27451ba4b5.PNG
HT,競速,115,尖峰HT+,a7facb371dbdfe524f47eacc5fe55858.PNG
HT,競速,116,紅色尖峰 HT+,fa25ba5bc1a49863243d30909edb646f.PNG
HT,競速,117,暴風渦輪HT+,7281c7866472bc60fbaa31a677757f64.PNG
HT,競速,118,金色魔怪HT+,dede06ea125dd49b6d798ebda2b202ca.PNG
HT,競速,119,白色尖峰HT+ C,4adb0504bd2f755cc127a52799e9acdd.PNG
HT,競速,120,等離子HT+,d250b10fb868341c5808aae55ac4eb2a.PNG
HT,競速,121,尖峰 HT+ LE,039bfa9926b8446829817cdd31d0d111.PNG
HT,競速,122,魔怪 HT+,2b5af0dad53e8aecb9ed49ab17ab12df.PNG
HT,競速,123,大黃蜂,8789e7c319232a1becae27f3aeeb4699.PNG
HT,競速,124,黃金尖峰HT+,c4085c4b013d8b3b0e91d6f479323515.PNG
HT,競速,125,天罰邪尊,3b772558ce3f1cd76760efd44f96f2ba.PNG
HT,競速,126,金色獵犬HT+,f68fa141efd8dc32d23857b532c9aa72.PNG
HT,競速,127,雷霆 HT+,9dc405216cf32f62b0c3cfc708005cf3.PNG
HT,競速,128,等離子HT+ X,99d95eb312962e42f5636a2601568d23.PNG
HT,競速,129,哈雷 HT+,ed67c9f03f576e530fe17550e2155cc3.PNG
HT,競速,130,紅色魔怪 HT+ LE,5a5922d5b8c10427f44d7d28139c9ea2.PNG
HT,道具,1,黑手黨 HT,65b4d498859a5da6c7b23204dbf29828.PNG
HT,道具,2,戰鬥神龜 HT,d13760e94cdc348efe391b21e5014310.PNG
HT,道具,3,黑鯊魚 HT,5c6e9bb1d3e45e993c4d4b513ffd1f37.PNG
HT,道具,4,肥龍坦克HT,8a56ffb68cfbe74fe646b517ed01bfd8.PNG
HT,道具,5,逆轉HT,cb5011a45f6656644a3554b2ab5c6f67.PNG
HT,道具,6,拳法狸貓 HT,3baea72c53a29fddac24b855e09c995e.PNG
HT,道具,7,泰坦HT,24f33b3ca804b359623fc0420ba91d9a.PNG
HT,道具,8,逆轉的獅吼HT,f76ab50f9809d5019990d15106257f61.PNG
HT,道具,9,破壞的獅吼HT,875f0410176adfb704a7cd9d963fcb7e.PNG
HT,道具,10,蜜蜜敞篷車HT,b49b5bb58cd62d07aa55aeb9a2fb618f.PNG
HT,道具,11,法老HT,e6982342f98d098a17076232139cd4c0.PNG
HT,道具,12,怪獸HT,79b0f029e3c463e14b24570dd3f1e7ca.PNG
HT,道具,13,夜鷹HT XE,bfc10c5582e801efe9005b1b5d90fae4.PNG
HT,道具,14,黃金工程車 HT,559f8aa28b4819f57ea442a2c19e905d.PNG
HT,道具,15,黑影南瓜HT,9d7ccf754dfbe410e3d5b0d36b948a86.PNG
HT,道具,16,草莓棒棒糖HT,d48b2c854f4b5da885a0763007282bab.PNG
HT,道具,17,馬桶車HT,d449a096897d5e691aa1887b33cfdcb5.PNG
HT,道具,18,獨角獸HT,832c8446c457963ae13927f7f8a9d5eb.PNG
HT,道具,19,神聖 HT,472e523cabdc2a9a3834afefd3f5957d.PNG
HT,道具,20,金焰鯊魚 HT,e34ee550bad12ed030e9d5907747b56c.PNG
HT,道具,21,飆風鋼琴HT black,935275e1d2d358e248d15478ee9a6c73.PNG
HT,道具,22,超級戰艦 HT+,8413669d35e40019f5558514524eda2e.PNG
HT,道具,23,轟炸雞 HT+,45f609e7ac6e3e0474c0d1f2f569b0a8.PNG
HT,道具,24,帝國坦克 HT+,9c35094b51b43c8bd3e0f58b5332ae32.PNG
HT,道具,25,小毛蟲 HT+,daf449c208d7d8726b1ec0d3ba18b40b.PNG
HT,道具,26,熊貓 HT +,d99ef3ce4695383f592ec906bc9c0b61.PNG
HT,道具,27,幻滅熊貓HT+,497f7b0ca4849bc97feef7ce3cbedb27.PNG
HT,道具,28,神秘熊貓HT+,d6f68c1feebb23553bd4e46ce7566131.PNG
HT,道具,29,赤虎HT+,245be41e987d2a3f0f21e2a096d9e4af.PNG
HT,道具,30,猛虎 HT+,dd0429ce5c80bf1384eadedfbb562cdb.PNG
HT,道具,31,投石機 HT+,716ed2726d8d061f2f975eb4b8a26887.PNG
HT,道具,32,金色惡鬼 HT+,93e932c9212678e7c3ac4817ba10400c.PNG
HT,道具,33,可憐熊寶寶 HT+,d49723f638a58cff03acd8d0fd22ee40.PNG
HT,道具,34,地獄獵人,f99e40aae1648cdb01932e6933cbf892.PNG
HT,道具,35,白虎 HT+,10d491a34b76f1f4e649a8091143507f.PNG
HT,道具,36,馬戲團猩猩HT+,ede94dd9389172a50d622c3230f00ead.PNG
HT,道具,37,黃金龍王丸 HT+,c5714d6fd38b0d6d69197424258984c1.PNG
HT,道具,38,宙斯戰艦HT+,96b47923535c21f15830ea61e173e4ce.PNG
HT,道具,39,維京 HT+,4d4feb972ecfa244f3c76c91873bb2fd.PNG
HT,道具,40,聲波,359b748caea656ee669350770536bf16.PNG
9,競速,1,九代原型車,27945a63448de0f9b0fe0d98db3155b2.PNG
9,競速,2,舒適9,1204b758bd01be17a4237a90720a2740.PNG
9,競速,3,打掃掃把9,563d63294ad5490a7cb03930112b1625.PNG
9,競速,4,惡魔手杖9,846a19c2cf9f35e93cd097ffea2eec85.PNG
9,競速,5,甩尾,eeb649c10637719b77d2b67d9255eaf0.PNG
9,競速,6,勞迪萊斯,fb51c1f3c4ab9046fa1b11541bb410ae.PNG
9,競速,7,舒適 9 XE,4921b31844c9a813ced74ee8eb211ab8.PNG
9,競速,8,風鳴9,3ad072261269b05b1ca9ca9de33612ea.PNG
9,競速,9,爆烈 9,286006d6d20056567a5d8509de3fa36f.PNG
9,競速,10,遊俠 9,617f9dfae60f9af80d633cf22f4f8681.PNG
9,競速,11,暴龍 9,44631d82fc06bd3787a7305144f279df.PNG
9,競速,12,裝甲三觭龍 9,0041e08ffa0c30156f9a1e2f86ecaf66.PNG
9,競速,13,焰陽跑車 9,d70eb559987042e3ddee741753242056.PNG
9,競速,14,舒適 9 LE,29590703f4532f8d76fc54c620431992.PNG
9,競速,15,探長,764b634c2cac1df4cb720adda0772d32.PNG
9,競速,16,藍曼波魚 9,055bd76d9f871c287f7f1d3c1130221a.PNG
9,競速,17,合金 9,25dc3cddb074a50f1dbd9e1e22917973.PNG
9,競速,18,白駒 9,54c638d7038b762a8aa163f413714251.PNG
9,競速,19,魔女的掃把 9,dd84a9d046534c4879061a628d82b142.PNG
9,競速,20,風暴 9,701dd634f76da5b481d49c48285759cb.PNG
9,競速,21,劍龍 9,5d25c6cb7473247edec41e64f22aaba5.PNG
9,競速,22,黑騎士 9,1f43781c68ed334ddfe3b86860e63d8f.PNG
9,競速,23,VIP 尊影 9,9bc587a75244d57e22dd06fc3e017dce.PNG
9,道具,1,飛輪,a295e3ad918677de434979cd7d102763.PNG
9,道具,2,天使手杖 9,26ffab7aa82df1994bc123bd287f7e81.PNG
9,道具,3,骷髏惡霸 9,26eb6b240025a86e0d4aae771d3d01d6.PNG
9,道具,4,馬桶車9,1415edd0b49e2c9cdb94399da9b79a62.PNG
9,道具,5,馴鹿雪橇9,fe6dc87e052ef110b5be5be3a311d115.PNG
9,道具,6,三觭龍 9,5b69cfc946ae1db1973d84429a9a218c.PNG
9,道具,7,極光跑車 9,94761efb789ce18239bb4b76c1af419c.PNG
9,道具,8,轟天雷,35940e26b8b31dc3f6f17286ea8b8352.PNG
9,道具,9,逆轉 9,ab141d75bff6e7be23bc90d93cb19a8f.PNG
9,道具,10,紅曼波魚 9,ee1b5938514ab57ae84ea1ad747020c1.PNG
9,道具,11,鋼爪龍 9,0af32626d6cac05676b0fd54d07b7bc8.PNG
9,道具,12,先鋒 9,6a2b77e1f00e94ad819ef2bcb8fc3c00.PNG
9,道具,13,黑鯊魚 9,d8dd9422a6b735b1f11cae5d40f60737.PNG
9,道具,14,VIP 鋼化吉普 9,e226c41c2441f7e9e01f3539857b44ab.PNG
